Area,lat,lon
Fairfax County Police Department,38.85084276,-77.31194033
Fairfax County Police Department,38.85795693,-77.31686365
Fairfax County Police Department,38.84556831,-77.3011118
Fairfax County Police Department,38.86247325,-77.31446475
Fairfax County Police Department,38.86148859,-77.28663839
Fairfax County Police Department,38.84602797,-77.28838167
Fairfax County Police Department,38.85085028,-77.29400017
Fairfax County Police Department,38.85270172,-77.29781189
Fairfax County Police Department,38.85818568,-77.31441207
Fairfax County Police Department,38.83916112,-77.30850317
Fairfax County Police Department,38.84960789,-77.30432854
Fairfax County Police Department,38.86269906,-77.30654722
Fairfax County Police Department,38.84117945,-77.31655818
Fairfax County Police Department,38.85705354,-77.28660057
Fairfax County Police Department,38.85189139,-77.31111305
Fairfax County Police Department,38.86489304,-77.28670091
Fairfax County Police Department,38.86031348,-77.31887028
Fairfax County Police Department,38.86076575,-77.31810897
Fairfax County Police Department,38.86178803,-77.29919807
Fairfax County Police Department,38.85084791,-77.30408023
Fairfax County Police Department,38.86214916,-77.28945015
Fairfax County Police Department,38.84176797,-77.30663987
Fairfax County Police Department,38.8457512,-77.28443035
Fairfax County Police Department,38.86610156,-77.28752231
Fairfax County Police Department,38.86586221,-77.28913565
Fairfax County Police Department,38.86717958,-77.30808381
Fairfax County Police Department,38.86377637,-77.2884501
Fairfax County Police Department,38.86527544,-77.29201729
Fairfax County Police Department,38.86869679,-77.30498791
Fairfax County Police Department,38.84958854,-77.31068579
Fairfax County Police Department,38.85696663,-77.29787096
Fairfax County Police Department,38.84250033,-77.30382818
Fairfax County Police Department,38.8477437,-77.3036005
Fairfax County Police Department,38.86630954,-77.29748455
Fairfax County Police Department,38.85657253,-77.29430845
Fairfax County Police Department,38.84466277,-77.28703631
Fairfax County Police Department,38.84788568,-77.32114995
Fairfax County Police Department,38.85086205,-77.28432522
Fairfax County Police Department,38.84968876,-77.29206473
Fairfax County Police Department,38.84101775,-77.29899631
Fairfax County Police Department,38.84158126,-77.31685369
Fairfax County Police Department,38.8516321,-77.29165029
Fairfax County Police Department,38.8590435,-77.28046106
Fairfax County Police Department,38.84469551,-77.30666342
Fairfax County Police Department,38.85860437,-77.27990937
Fairfax County Police Department,38.84143311,-77.30971712
Fairfax County Police Department,38.84354083,-77.28880157
Fairfax County Police Department,38.86230197,-77.30101115
Fairfax County Police Department,38.84869389,-77.28228735
Fairfax County Police Department,38.86077817,-77.2860381
Fairfax County Police Department,38.83734994,-77.31107362
Fairfax County Police Department,38.84065228,-77.31397298
Fairfax County Police Department,38.8447391,-77.29993342
Fairfax County Police Department,38.86372182,-77.29179265
Fairfax County Police Department,38.84409796,-77.30468581
Fairfax County Police Department,38.85738117,-77.28676966
Fairfax County Police Department,38.85727601,-77.27923182
Fairfax County Police Department,38.84420853,-77.28240945
Fairfax County Police Department,38.84047844,-77.3039636
Fairfax County Police Department,38.85758103,-77.31253254
Fairfax County Police Department,38.8536577,-77.30144712
Fairfax County Police Department,38.86111872,-77.28549859
Fairfax County Police Department,38.8363935,-77.30188807
Fairfax County Police Department,38.85988645,-77.31144086
Fairfax County Police Department,38.8430294,-77.29804187
Fairfax County Police Department,38.85380167,-77.31862325
Fairfax County Police Department,38.83789811,-77.29079543
Fairfax County Police Department,38.85733891,-77.30087597
Fairfax County Police Department,38.85050996,-77.29533056
Fairfax County Police Department,38.8572299,-77.28775325
Fairfax County Police Department,38.85542129,-77.30136489
Fairfax County Police Department,38.85881436,-77.3133678
Fairfax County Police Department,38.86476388,-77.2852818
Fairfax County Police Department,38.86330462,-77.2977486
Fairfax County Police Department,38.85618938,-77.29980773
Fairfax County Police Department,38.84077739,-77.30098325
Fairfax County Police Department,38.85394817,-77.28480231
Fairfax County Police Department,38.86730056,-77.29745369
Fairfax County Police Department,38.862853,-77.29080084
Fairfax County Police Department,38.85499648,-77.28483002
Fairfax County Police Department,38.83629731,-77.29359551
Fairfax County Police Department,38.86579368,-77.3101538
Fairfax County Police Department,38.84562173,-77.30889079
Fairfax County Police Department,38.8488308,-77.29571511
Fairfax County Police Department,38.85532819,-77.29366802
Fairfax County Police Department,38.85809725,-77.31370739
Fairfax County Police Department,38.8550514,-77.31902531
Fairfax County Police Department,38.84699675,-77.2939102
Fairfax County Police Department,38.85539495,-77.30245267
Fairfax County Police Department,38.84910176,-77.2840136
Fairfax County Police Department,38.84036584,-77.29477015
Fairfax County Police Department,38.83573549,-77.30459809
Fairfax County Police Department,38.86213917,-77.30079201
Fairfax County Police Department,38.85920374,-77.31245106
Fairfax County Police Department,38.85975264,-77.29129382
Fairfax County Police Department,38.83567602,-77.30343087
Fairfax County Police Department,38.85507325,-77.3159429
Fairfax County Police Department,38.85304041,-77.30178734
Fairfax County Police Department,38.84743287,-77.27851568
Fairfax County Police Department,38.84315077,-77.30813632
Hampton Police Dept,37.04259967,-76.35194518
Hampton Police Dept,37.03366762,-76.3713388
Hampton Police Dept,37.04328176,-76.33797722
Hampton Police Dept,37.02376113,-76.36217451
Hampton Police Dept,37.03292798,-76.3499467
Hampton Police Dept,37.02266448,-76.37847992
Hampton Police Dept,37.04954384,-76.3781982
Hampton Police Dept,37.05126553,-76.33045841
Hampton Police Dept,37.0442514,-76.35689706
Hampton Police Dept,37.04481884,-76.37023718
Hampton Police Dept,37.05327173,-76.34761221
Hampton Police Dept,37.06791499,-76.36432145
Hampton Police Dept,37.03971919,-76.36591719
Hampton Police Dept,37.0624471,-76.37634728
Hampton Police Dept,37.05414314,-76.39916382
Hampton Police Dept,37.05539511,-76.39757696
Hampton Police Dept,37.05413831,-76.34325714
Hampton Police Dept,37.05469164,-76.36229523
Hampton Police Dept,37.04838481,-76.33548516
Hampton Police Dept,37.05354115,-76.3912153
Hampton Police Dept,37.0415667,-76.3414124
Hampton Police Dept,37.03152842,-76.3567502
Hampton Police Dept,37.04282164,-76.33350959
Hampton Police Dept,37.02831838,-76.38267339
Hampton Police Dept,37.04051585,-76.34181999
Hampton Police Dept,37.05351915,-76.3480966
Hampton Police Dept,37.02701253,-76.37443642
Hampton Police Dept,37.02784159,-76.36810021
Hampton Police Dept,37.06072266,-76.35198029
Hampton Police Dept,37.03738783,-76.34871398
Hampton Police Dept,37.0258758,-76.36236337
Hampton Police Dept,37.03767845,-76.38955533
Hampton Police Dept,37.04675758,-76.36463343
Hampton Police Dept,37.0566399,-76.39045373
Hampton Police Dept,37.06258328,-76.33579504
Hampton Police Dept,37.05116312,-76.33176351
Hampton Police Dept,37.05901863,-76.38183287
Hampton Police Dept,37.04778508,-76.39384151
Hampton Police Dept,37.02209423,-76.36704569
Hampton Police Dept,37.02058891,-76.3599323
Hampton Police Dept,37.04205847,-76.36243855
Hampton Police Dept,37.07048815,-76.37319357
Hampton Police Dept,37.05335679,-76.36133754
Hampton Police Dept,37.06611479,-76.35228091
Hampton Police Dept,37.07322315,-76.37110296
Hampton Police Dept,37.02515909,-76.36210771
Hampton Police Dept,37.04961696,-76.35142556
Hampton Police Dept,37.06572738,-76.39029043
Hampton Police Dept,37.03505267,-76.37154915
Hampton Police Dept,37.02968849,-76.37946531
Hampton Police Dept,37.05427531,-76.36510071
Hampton Police Dept,37.01982214,-76.36449479
Hampton Police Dept,37.05680681,-76.38104328
Hampton Police Dept,37.04530645,-76.39945846
Hampton Police Dept,37.03742104,-76.33301689
Hampton Police Dept,37.02733654,-76.37814665
Hampton Police Dept,37.03465913,-76.34424682
Hampton Police Dept,37.06339898,-76.35459665
Hampton Police Dept,37.04069786,-76.35121587
Hampton Police Dept,37.0556361,-76.38030513
Hampton Police Dept,37.06989525,-76.36910863
Hampton Police Dept,37.03632297,-76.35482308
Hampton Police Dept,37.02093801,-76.37167324
Hampton Police Dept,37.03590995,-76.37343759
Hampton Police Dept,37.02670321,-76.3737184
Hampton Police Dept,37.05553178,-76.34484026
Hampton Police Dept,37.04600019,-76.3826198
Hampton Police Dept,37.02859865,-76.38862596
Hampton Police Dept,37.03563898,-76.37590169
Hampton Police Dept,37.05407816,-76.35894575
Hampton Police Dept,37.03064142,-76.37041079
Hampton Police Dept,37.03651024,-76.37600978
Hampton Police Dept,37.02459116,-76.38311235
Hampton Police Dept,37.05950053,-76.34298581
Hampton Police Dept,37.03123993,-76.34534642
Hampton Police Dept,37.07512713,-76.37164193
Hampton Police Dept,37.0693624,-76.36657463
Hampton Police Dept,37.05425044,-76.39397125
Hampton Police Dept,37.02771173,-76.37389465
Hampton Police Dept,37.03874778,-76.38054587
Hampton Police Dept,37.07288905,-76.37806064
Hampton Police Dept,37.07414243,-76.37971953
Hampton Police Dept,37.07024796,-76.35261164
Hampton Police Dept,37.03769186,-76.37183231
Hampton Police Dept,37.06836524,-76.37111647
Hampton Police Dept,37.03628664,-76.39513246
Hampton Police Dept,37.06460854,-76.35268182
Hampton Police Dept,37.05047184,-76.34823489
Hampton Police Dept,37.04722161,-76.34479217
Hampton Police Dept,37.02866666,-76.37182822
Hampton Police Dept,37.06606168,-76.35790077
Hampton Police Dept,37.02343188,-76.38016512
Hampton Police Dept,37.0328814,-76.38228413
Hampton Police Dept,37.03556681,-76.3737388
Hampton Police Dept,37.03149645,-76.35713476
Hampton Police Dept,37.04590361,-76.33279682
Hampton Police Dept,37.07269456,-76.36176313
Hampton Police Dept,37.0408392,-76.38936933
Hampton Police Dept,37.04324025,-76.33709496
Hampton Police Dept,37.03328782,-76.35520999
Henrico County Police Dept,37.62264726,-77.55523391
Henrico County Police Dept,37.62638204,-77.54737317
Henrico County Police Dept,37.64950757,-77.55205574
Henrico County Police Dept,37.63780641,-77.565585
Henrico County Police Dept,37.66070873,-77.5650863
Henrico County Police Dept,37.62577929,-77.53683273
Henrico County Police Dept,37.62545172,-77.55357522
Henrico County Police Dept,37.6310963,-77.58334719
Henrico County Police Dept,37.63239973,-77.56284026
Henrico County Police Dept,37.62679812,-77.52719671
Henrico County Police Dept,37.64889636,-77.54169791
Henrico County Police Dept,37.65393768,-77.55102663
Henrico County Police Dept,37.63374106,-77.56091592
Henrico County Police Dept,37.63595439,-77.58369838
Henrico County Police Dept,37.66074816,-77.54589941
Henrico County Police Dept,37.64029946,-77.55302909
Henrico County Police Dept,37.62289067,-77.58675108
Henrico County Police Dept,37.63235312,-77.56507886
Henrico County Police Dept,37.6395275,-77.52195447
Henrico County Police Dept,37.64658173,-77.5736602
Henrico County Police Dept,37.62344973,-77.57798074
Henrico County Police Dept,37.65336389,-77.58081351
Henrico County Police Dept,37.63174364,-77.5266613
Henrico County Police Dept,37.62210019,-77.5519375
Henrico County Police Dept,37.63404136,-77.52645687
Henrico County Police Dept,37.62688032,-77.53142937
Henrico County Police Dept,37.63155366,-77.57533586
Henrico County Police Dept,37.62709723,-77.55663198
Henrico County Police Dept,37.61339108,-77.5781614
Henrico County Police Dept,37.62552291,-77.55728764
Henrico County Police Dept,37.63462717,-77.54190255
Henrico County Police Dept,37.6354528,-77.54949441
Henrico County Police Dept,37.64307687,-77.53130272
Henrico County Police Dept,37.62414103,-77.57357815
Henrico County Police Dept,37.66480363,-77.55893533
Henrico County Police Dept,37.62841651,-77.55542583
Henrico County Police Dept,37.60828453,-77.5517509
Henrico County Police Dept,37.64625419,-77.53807898
Henrico County Police Dept,37.62915145,-77.52811474
Henrico County Police Dept,37.64761449,-77.52587896
Henrico County Police Dept,37.64380005,-77.5691108
Henrico County Police Dept,37.6536623,-77.57521716
Henrico County Police Dept,37.63581917,-77.56951136
Henrico County Police Dept,37.66211374,-77.56156492
Henrico County Police Dept,37.66042637,-77.54526301
Henrico County Police Dept,37.64252363,-77.55485737
Henrico County Police Dept,37.6314137,-77.52746147
Henrico County Police Dept,37.64050585,-77.54652075
Henrico County Police Dept,37.63730501,-77.59052844
Henrico County Police Dept,37.63524168,-77.59342026
Henrico County Police Dept,37.46783224,-77.28932514
Henrico County Police Dept,37.47526664,-77.28041893
Henrico County Police Dept,37.49212408,-77.30736876
Henrico County Police Dept,37.49095701,-77.31577528
Henrico County Police Dept,37.44743705,-77.29550132
Henrico County Police Dept,37.46738115,-77.3323545
Henrico County Police Dept,37.4494203,-77.28642403
Henrico County Police Dept,37.46091541,-77.30761271
Henrico County Police Dept,37.49679991,-77.28839969
Henrico County Police Dept,37.49122316,-77.31387601
Henrico County Police Dept,37.47407727,-77.33716379
Henrico County Police Dept,37.47016114,-77.30963273
Henrico County Police Dept,37.48572388,-77.2928579
Henrico County Police Dept,37.45797125,-77.32368779
Henrico County Police Dept,37.48677485,-77.27822868
Henrico County Police Dept,37.48504788,-77.30380588
Henrico County Police Dept,37.49423871,-77.30941936
Henrico County Police Dept,37.48020541,-77.28485206
Henrico County Police Dept,37.46397332,-77.27040911
Henrico County Police Dept,37.46696946,-77.26925804
Henrico County Police Dept,37.46873259,-77.27122601
Henrico County Police Dept,37.47472478,-77.28699195
Henrico County Police Dept,37.49254562,-77.32232742
Henrico County Police Dept,37.45846258,-77.31092399
Henrico County Police Dept,37.46552116,-77.27486174
Henrico County Police Dept,37.46827988,-77.27127591
Henrico County Police Dept,37.48894002,-77.30007167
Henrico County Police Dept,37.49238357,-77.28084497
Henrico County Police Dept,37.49200673,-77.28231337
Henrico County Police Dept,37.44964241,-77.28538086
Henrico County Police Dept,37.47661361,-77.32010759
Henrico County Police Dept,37.47321231,-77.27024033
Henrico County Police Dept,37.49968029,-77.3124967
Henrico County Police Dept,37.44902211,-77.29993983
Henrico County Police Dept,37.46826715,-77.3331154
Henrico County Police Dept,37.45031588,-77.28730127
Henrico County Police Dept,37.48508246,-77.3013952
Henrico County Police Dept,37.45852147,-77.2920365
Henrico County Police Dept,37.48778152,-77.31829425
Henrico County Police Dept,37.49968978,-77.29285335
Henrico County Police Dept,37.46838826,-77.29508997
Henrico County Police Dept,37.48669725,-77.28924176
Henrico County Police Dept,37.4646844,-77.30056143
Henrico County Police Dept,37.48315393,-77.29414061
Henrico County Police Dept,37.46339005,-77.28099526
Henrico County Police Dept,37.47766558,-77.29146974
Henrico County Police Dept,37.47202622,-77.26694499
Henrico County Police Dept,37.50000637,-77.3094776
Henrico County Police Dept,37.49436948,-77.30336896
Henrico County Police Dept,37.48870443,-77.31624538
Loudoun County Sheriff Office,39.1366279,-77.51087973
Loudoun County Sheriff Office,39.12974255,-77.6043346
Loudoun County Sheriff Office,39.18294587,-77.73601098
Loudoun County Sheriff Office,39.1159355,-77.47560532
Loudoun County Sheriff Office,39.18512468,-77.79977794
Loudoun County Sheriff Office,39.13128797,-77.82727183
Loudoun County Sheriff Office,39.13586541,-77.56248666
Loudoun County Sheriff Office,39.09392859,-77.51297508
Loudoun County Sheriff Office,39.2186552,-77.62482041
Loudoun County Sheriff Office,39.07019597,-77.64922699
Loudoun County Sheriff Office,39.03551525,-77.75307925
Loudoun County Sheriff Office,39.21755955,-77.57768349
Loudoun County Sheriff Office,39.16595034,-77.52344395
Loudoun County Sheriff Office,39.10959655,-77.70528452
Loudoun County Sheriff Office,39.19705116,-77.68083232
Loudoun County Sheriff Office,39.01972044,-77.67527811
Loudoun County Sheriff Office,39.08638827,-77.70587719
Loudoun County Sheriff Office,39.02168875,-77.75686251
Loudoun County Sheriff Office,39.13642057,-77.53786588
Loudoun County Sheriff Office,39.08684114,-77.49163209
Loudoun County Sheriff Office,39.12185113,-77.51135093
Loudoun County Sheriff Office,39.09366558,-77.50676532
Loudoun County Sheriff Office,39.0311864,-77.78684179
Loudoun County Sheriff Office,39.21865164,-77.67471222
Loudoun County Sheriff Office,39.09493193,-77.79539089
Loudoun County Sheriff Office,38.98624758,-77.68433942
Loudoun County Sheriff Office,39.18416506,-77.6601047
Loudoun County Sheriff Office,39.10509274,-77.61581402
Loudoun County Sheriff Office,39.16473184,-77.49980494
Loudoun County Sheriff Office,39.22341424,-77.68243294
Loudoun County Sheriff Office,39.09214473,-77.65185613
Loudoun County Sheriff Office,39.18902878,-77.57407227
Loudoun County Sheriff Office,39.02034522,-77.62660736
Loudoun County Sheriff Office,39.11380427,-77.60909107
Loudoun County Sheriff Office,39.12739849,-77.60283032
Loudoun County Sheriff Office,38.98521941,-77.60713046
Loudoun County Sheriff Office,39.03391217,-77.60267839
Loudoun County Sheriff Office,39.02577377,-77.5700696
Loudoun County Sheriff Office,38.96891673,-77.67084395
Loudoun County Sheriff Office,39.10366855,-77.68044946
Loudoun County Sheriff Office,39.09190581,-77.56145071
Loudoun County Sheriff Office,39.03831196,-77.67008093
Loudoun County Sheriff Office,39.12860541,-77.68960065
Loudoun County Sheriff Office,39.15040322,-77.55040658
Loudoun County Sheriff Office,39.04142384,-77.61624455
Loudoun County Sheriff Office,39.10232695,-77.68953804
Loudoun County Sheriff Office,39.02623081,-77.78348635
Loudoun County Sheriff Office,39.13235613,-77.63342561
Loudoun County Sheriff Office,38.98017902,-77.70320442
Loudoun County Sheriff Office,39.1043338,-77.83587132
Loudoun County Sheriff Office,39.07230822,-77.55892221
Loudoun County Sheriff Office,39.16148653,-77.77256254
Loudoun County Sheriff Office,39.20343858,-77.74413233
Loudoun County Sheriff Office,39.03604532,-77.64879889
Loudoun County Sheriff Office,39.14084094,-77.51936822
Loudoun County Sheriff Office,38.95565377,-77.68817959
Loudoun County Sheriff Office,39.19481411,-77.65192955
Loudoun County Sheriff Office,39.18650911,-77.73872518
Loudoun County Sheriff Office,39.13676847,-77.57902652
Loudoun County Sheriff Office,38.96884881,-77.61559098
Loudoun County Sheriff Office,38.96154779,-77.63406201
Loudoun County Sheriff Office,39.03415931,-77.82028595
Loudoun County Sheriff Office,39.11552696,-77.52529684
Loudoun County Sheriff Office,39.02832612,-77.50869276
Loudoun County Sheriff Office,39.13195016,-77.53514076
Loudoun County Sheriff Office,39.13387014,-77.65543865
Loudoun County Sheriff Office,39.13076866,-77.66642311
Loudoun County Sheriff Office,39.13583479,-77.65871604
Loudoun County Sheriff Office,39.04739599,-77.51385262
Loudoun County Sheriff Office,39.1604051,-77.69973811
Loudoun County Sheriff Office,39.02015149,-77.6801696
Loudoun County Sheriff Office,39.18489107,-77.7240711
Loudoun County Sheriff Office,38.95228491,-77.66543837
Loudoun County Sheriff Office,39.15642233,-77.54338305
Loudoun County Sheriff Office,39.15572561,-77.74553106
Loudoun County Sheriff Office,39.04749313,-77.75276752
Loudoun County Sheriff Office,39.13861212,-77.49551538
Loudoun County Sheriff Office,38.96112731,-77.6789072
Loudoun County Sheriff Office,39.22606095,-77.70955677
Loudoun County Sheriff Office,39.16486143,-77.5717568
Loudoun County Sheriff Office,39.00534427,-77.66283425
Loudoun County Sheriff Office,39.1324766,-77.57274677
Loudoun County Sheriff Office,39.07348037,-77.67780783
Loudoun County Sheriff Office,39.049885,-77.60504615
Loudoun County Sheriff Office,39.0391849,-77.54474155
Loudoun County Sheriff Office,39.02324176,-77.60357556
Loudoun County Sheriff Office,39.1232737,-77.70583858
Loudoun County Sheriff Office,39.23633203,-77.65111823
Loudoun County Sheriff Office,39.17817667,-77.66222497
Loudoun County Sheriff Office,39.06995214,-77.66820833
Loudoun County Sheriff Office,39.11224808,-77.51696718
Loudoun County Sheriff Office,39.23001052,-77.60007673
Loudoun County Sheriff Office,39.00304564,-77.54509142
Loudoun County Sheriff Office,39.0998787,-77.8402711
Loudoun County Sheriff Office,39.17627788,-77.55217002
Loudoun County Sheriff Office,39.1634626,-77.67366853
Loudoun County Sheriff Office,39.05513614,-77.60757218
Loudoun County Sheriff Office,39.06982692,-77.80738612
Loudoun County Sheriff Office,39.16353973,-77.77442564
Loudoun County Sheriff Office,39.10992676,-77.66437813
Newport News Police Dept,37.13271063,-76.60154016
Newport News Police Dept,37.16183478,-76.56680577
Newport News Police Dept,37.14831672,-76.52850407
Newport News Police Dept,37.15821857,-76.60286014
Newport News Police Dept,37.11264233,-76.52652669
Newport News Police Dept,37.18476697,-76.57125541
Newport News Police Dept,37.17554721,-76.55332091
Newport News Police Dept,37.10986191,-76.52657771
Newport News Police Dept,37.18776797,-76.54301631
Newport News Police Dept,37.12430687,-76.57295171
Newport News Police Dept,37.14328378,-76.54649858
Newport News Police Dept,37.16510291,-76.57664402
Newport News Police Dept,37.16607836,-76.53348656
Newport News Police Dept,37.17344242,-76.55788481
Newport News Police Dept,37.14283919,-76.57934701
Newport News Police Dept,37.11837379,-76.59168089
Newport News Police Dept,37.14252675,-76.60587865
Newport News Police Dept,37.11326348,-76.57156983
Newport News Police Dept,37.18298899,-76.55821278
Newport News Police Dept,37.15711051,-76.55638986
Newport News Police Dept,37.13441716,-76.5921057
Newport News Police Dept,37.12358246,-76.5166339
Newport News Police Dept,37.13971121,-76.58760407
Newport News Police Dept,37.14034701,-76.58610845
Newport News Police Dept,37.17545839,-76.57510876
Newport News Police Dept,37.1876246,-76.54615083
Newport News Police Dept,37.12000579,-76.5293539
Newport News Police Dept,37.17452246,-76.57160561
Newport News Police Dept,37.11939483,-76.58629403
Newport News Police Dept,37.13713473,-76.51199479
Newport News Police Dept,37.14572246,-76.59602842
Newport News Police Dept,37.11722783,-76.54112068
Newport News Police Dept,37.15627282,-76.57524153
Newport News Police Dept,37.12006841,-76.57575863
Newport News Police Dept,37.09648153,-76.46381431
Newport News Police Dept,37.11222114,-76.48151491
Newport News Police Dept,37.11173256,-76.49591578
Newport News Police Dept,37.08172586,-76.52683446
Newport News Police Dept,37.08307937,-76.5179111
Newport News Police Dept,37.10214632,-76.50423991
Newport News Police Dept,37.07312608,-76.48248869
Newport News Police Dept,37.07349209,-76.51988595
Newport News Police Dept,37.08686666,-76.51658557
Newport News Police Dept,37.1093274,-76.47586306
Newport News Police Dept,37.0727925,-76.47759371
Newport News Police Dept,37.06217487,-76.47736996
Newport News Police Dept,37.11254825,-76.49408091
Newport News Police Dept,37.07721406,-76.49306851
Newport News Police Dept,37.08444386,-76.50307644
Newport News Police Dept,37.08670193,-76.50202978
Newport News Police Dept,37.06387723,-76.48132692
Newport News Police Dept,37.08875186,-76.45788693
Newport News Police Dept,37.10902311,-76.49701433
Newport News Police Dept,37.07725467,-76.45862104
Newport News Police Dept,37.0951041,-76.46931783
Newport News Police Dept,37.06457132,-76.51621178
Newport News Police Dept,37.07765084,-76.4941198
Newport News Police Dept,37.10277672,-76.47599066
Newport News Police Dept,37.08266713,-76.46234287
Newport News Police Dept,37.09164126,-76.50636271
Newport News Police Dept,37.08384647,-76.51974391
Newport News Police Dept,37.08972205,-76.45891263
Newport News Police Dept,37.08793882,-76.4830054
Newport News Police Dept,37.06099856,-76.48512866
Newport News Police Dept,37.0634972,-76.47356768
Newport News Police Dept,37.10198807,-76.49652412
Newport News Police Dept,37.069403,-76.50596668
Newport News Police Dept,37.01151756,-76.43364453
Newport News Police Dept,36.99086867,-76.4124968
Newport News Police Dept,36.97975946,-76.41289355
Newport News Police Dept,37.01080305,-76.41343874
Newport News Police Dept,36.99251647,-76.43011983
Newport News Police Dept,36.99394705,-76.41026159
Newport News Police Dept,37.01176365,-76.42693752
Newport News Police Dept,37.00892757,-76.40489401
Newport News Police Dept,36.99930271,-76.41468659
Newport News Police Dept,36.98724786,-76.40964852
Newport News Police Dept,37.0049083,-76.41008999
Newport News Police Dept,36.97598297,-76.41998519
Newport News Police Dept,37.00925129,-76.40466766
Newport News Police Dept,37.00423138,-76.41950631
Newport News Police Dept,36.98979054,-76.41408263
Newport News Police Dept,36.98601736,-76.40681737
Newport News Police Dept,37.00348604,-76.44761936
Newport News Police Dept,37.00939266,-76.40436437
Newport News Police Dept,36.99902276,-76.42077272
Newport News Police Dept,37.00726626,-76.4024154
Newport News Police Dept,36.9973888,-76.41839745
Newport News Police Dept,36.97931996,-76.42421706
Newport News Police Dept,36.99112477,-76.41350786
Newport News Police Dept,37.01440321,-76.42626479
Newport News Police Dept,36.97742373,-76.42547801
Newport News Police Dept,36.98532675,-76.44414707
Newport News Police Dept,37.01332259,-76.43729435
Newport News Police Dept,36.98117114,-76.4371784
Newport News Police Dept,37.00443369,-76.4414509
Newport News Police Dept,37.00203517,-76.42455109
Newport News Police Dept,36.99702328,-76.41273925
Newport News Police Dept,36.99594681,-76.44174018
Newport News Police Dept,36.99305565,-76.41189875
Norfolk Police Dept,36.8847955,-76.23988775
Norfolk Police Dept,36.91533901,-76.20044687
Norfolk Police Dept,36.88030866,-76.26061476
Norfolk Police Dept,36.9202229,-76.30313037
Norfolk Police Dept,36.90652315,-76.20387379
Norfolk Police Dept,36.91434693,-76.26943131
Norfolk Police Dept,36.93993181,-76.26531386
Norfolk Police Dept,36.93804996,-76.2706296
Norfolk Police Dept,36.88479503,-76.30580775
Norfolk Police Dept,36.91980803,-76.24961723
Norfolk Police Dept,36.94451126,-76.24187814
Norfolk Police Dept,36.90626949,-76.21055147
Norfolk Police Dept,36.9438831,-76.26082829
Norfolk Police Dept,36.85277454,-76.28126351
Norfolk Police Dept,36.872172,-76.21832495
Norfolk Police Dept,36.91044676,-76.21227634
Norfolk Police Dept,36.89594884,-76.28974806
Norfolk Police Dept,36.89615589,-76.18857429
Norfolk Police Dept,36.88984395,-76.29888053
Norfolk Police Dept,36.89621052,-76.2428575
Norfolk Police Dept,36.86985911,-76.29533624
Norfolk Police Dept,36.88343091,-76.30601341
Norfolk Police Dept,36.908679,-76.31029023
Norfolk Police Dept,36.85033826,-76.282087
Norfolk Police Dept,36.90481789,-76.24830513
Norfolk Police Dept,36.86617307,-76.25141546
Norfolk Police Dept,36.94703409,-76.2530649
Norfolk Police Dept,36.91233673,-76.32656943
Norfolk Police Dept,36.89707166,-76.29771877
Norfolk Police Dept,36.90621182,-76.24294707
Norfolk Police Dept,36.90622553,-76.2711937
Norfolk Police Dept,36.91592932,-76.22808766
Norfolk Police Dept,36.92832951,-76.27322674
Norfolk Police Dept,36.91069431,-76.1942912
Norfolk Police Dept,36.87241968,-76.30545129
Norfolk Police Dept,36.8688767,-76.22500448
Norfolk Police Dept,36.90804841,-76.24551953
Norfolk Police Dept,36.89189597,-76.31128051
Norfolk Police Dept,36.92883483,-76.25341654
Norfolk Police Dept,36.86172173,-76.25469238
Norfolk Police Dept,36.86983974,-76.19889874
Norfolk Police Dept,36.88412944,-76.29524454
Norfolk Police Dept,36.85728064,-76.28831663
Norfolk Police Dept,36.87066628,-76.2722114
Norfolk Police Dept,36.87692483,-76.25532616
Norfolk Police Dept,36.85240807,-76.24239037
Norfolk Police Dept,36.89509487,-76.32536693
Norfolk Police Dept,36.88692741,-76.19641436
Norfolk Police Dept,36.86798722,-76.29573135
Norfolk Police Dept,36.92530497,-76.19803205
Norfolk Police Dept,36.94457695,-76.27835811
Norfolk Police Dept,36.91360761,-76.32291055
Norfolk Police Dept,36.89953339,-76.32656683
Norfolk Police Dept,36.90297739,-76.29642481
Norfolk Police Dept,36.84820218,-76.28083565
Norfolk Police Dept,36.94873747,-76.29172639
Norfolk Police Dept,36.89356225,-76.29912126
Norfolk Police Dept,36.92093845,-76.28902581
Norfolk Police Dept,36.89027778,-76.19838477
Norfolk Police Dept,36.94519506,-76.28936646
Norfolk Police Dept,36.92236268,-76.27875216
Norfolk Police Dept,36.9195742,-76.20134998
Norfolk Police Dept,36.88848898,-76.29878006
Norfolk Police Dept,36.87561095,-76.23233171
Norfolk Police Dept,36.86989685,-76.2096843
Norfolk Police Dept,36.89864365,-76.26966557
Norfolk Police Dept,36.85392466,-76.27322031
Norfolk Police Dept,36.92199381,-76.30488818
Norfolk Police Dept,36.84644441,-76.24399755
Norfolk Police Dept,36.93447346,-76.3003602
Norfolk Police Dept,36.87211406,-76.21570611
Norfolk Police Dept,36.89938107,-76.27209666
Norfolk Police Dept,36.92383927,-76.25375938
Norfolk Police Dept,36.93295723,-76.21112908
Norfolk Police Dept,36.85227259,-76.26321568
Norfolk Police Dept,36.89893598,-76.28260057
Norfolk Police Dept,36.93100727,-76.28046021
Norfolk Police Dept,36.93423816,-76.22565226
Norfolk Police Dept,36.85264089,-76.27567906
Norfolk Police Dept,36.84926045,-76.24316825
Norfolk Police Dept,36.88428899,-76.28963756
Norfolk Police Dept,36.88865932,-76.24672646
Norfolk Police Dept,36.87919478,-76.26670603
Norfolk Police Dept,36.90421898,-76.22760673
Norfolk Police Dept,36.88634916,-76.29705752
Norfolk Police Dept,36.92475922,-76.27162417
Norfolk Police Dept,36.9358905,-76.21012616
Norfolk Police Dept,36.85143064,-76.26645745
Norfolk Police Dept,36.94158592,-76.25128449
Norfolk Police Dept,36.9155377,-76.31070401
Norfolk Police Dept,36.90852665,-76.22615083
Norfolk Police Dept,36.87648773,-76.19199513
Norfolk Police Dept,36.88045341,-76.27756122
Norfolk Police Dept,36.95156675,-76.23932809
Norfolk Police Dept,36.92069615,-76.19245655
Norfolk Police Dept,36.92200334,-76.28168281
Norfolk Police Dept,36.88518599,-76.32617584
Norfolk Police Dept,36.95421138,-76.24256503
Norfolk Police Dept,36.93189921,-76.31277499
Norfolk Police Dept,36.9450051,-76.29829274
Prince William County Police Department,36.8847955,-76.23988775
Prince William County Police Department,36.91533901,-76.20044687
Prince William County Police Department,36.88030866,-76.26061476
Prince William County Police Department,36.9202229,-76.30313037
Prince William County Police Department,36.90652315,-76.20387379
Prince William County Police Department,36.91434693,-76.26943131
Prince William County Police Department,36.93993181,-76.26531386
Prince William County Police Department,36.93804996,-76.2706296
Prince William County Police Department,36.88479503,-76.30580775
Prince William County Police Department,36.91980803,-76.24961723
Prince William County Police Department,36.94451126,-76.24187814
Prince William County Police Department,36.90626949,-76.21055147
Prince William County Police Department,36.9438831,-76.26082829
Prince William County Police Department,36.85277454,-76.28126351
Prince William County Police Department,36.872172,-76.21832495
Prince William County Police Department,36.91044676,-76.21227634
Prince William County Police Department,36.89594884,-76.28974806
Prince William County Police Department,36.89615589,-76.18857429
Prince William County Police Department,36.88984395,-76.29888053
Prince William County Police Department,36.89621052,-76.2428575
Prince William County Police Department,36.86985911,-76.29533624
Prince William County Police Department,36.88343091,-76.30601341
Prince William County Police Department,36.908679,-76.31029023
Prince William County Police Department,36.85033826,-76.282087
Prince William County Police Department,36.90481789,-76.24830513
Prince William County Police Department,36.86617307,-76.25141546
Prince William County Police Department,36.94703409,-76.2530649
Prince William County Police Department,36.91233673,-76.32656943
Prince William County Police Department,36.89707166,-76.29771877
Prince William County Police Department,36.90621182,-76.24294707
Prince William County Police Department,36.90622553,-76.2711937
Prince William County Police Department,36.91592932,-76.22808766
Prince William County Police Department,36.92832951,-76.27322674
Prince William County Police Department,36.91069431,-76.1942912
Prince William County Police Department,36.87241968,-76.30545129
Prince William County Police Department,36.8688767,-76.22500448
Prince William County Police Department,36.90804841,-76.24551953
Prince William County Police Department,36.89189597,-76.31128051
Prince William County Police Department,36.92883483,-76.25341654
Prince William County Police Department,36.86172173,-76.25469238
Prince William County Police Department,36.86983974,-76.19889874
Prince William County Police Department,36.88412944,-76.29524454
Prince William County Police Department,36.85728064,-76.28831663
Prince William County Police Department,36.87066628,-76.2722114
Prince William County Police Department,36.87692483,-76.25532616
Prince William County Police Department,36.85240807,-76.24239037
Prince William County Police Department,36.89509487,-76.32536693
Prince William County Police Department,36.88692741,-76.19641436
Prince William County Police Department,36.86798722,-76.29573135
Prince William County Police Department,36.92530497,-76.19803205
Prince William County Police Department,38.82319865,-77.36401538
Prince William County Police Department,38.81405069,-77.4289144
Prince William County Police Department,38.76861188,-77.40672478
Prince William County Police Department,38.80818164,-77.42513205
Prince William County Police Department,38.83220575,-77.40077399
Prince William County Police Department,38.83402647,-77.38367981
Prince William County Police Department,38.8164243,-77.41273298
Prince William County Police Department,38.8093835,-77.37674955
Prince William County Police Department,38.83569007,-77.35182163
Prince William County Police Department,38.82297521,-77.42314973
Prince William County Police Department,38.79408802,-77.44020699
Prince William County Police Department,38.81618001,-77.38415574
Prince William County Police Department,38.80159946,-77.39382915
Prince William County Police Department,38.80717824,-77.35229046
Prince William County Police Department,38.77042825,-77.37065854
Prince William County Police Department,38.78156282,-77.39281035
Prince William County Police Department,38.76930266,-77.41082637
Prince William County Police Department,38.80769247,-77.35591382
Prince William County Police Department,38.79047973,-77.38371105
Prince William County Police Department,38.79202466,-77.36950436
Prince William County Police Department,38.82649537,-77.39717304
Prince William County Police Department,38.845225,-77.3725461
Prince William County Police Department,38.80479688,-77.40637602
Prince William County Police Department,38.846743,-77.39966521
Prince William County Police Department,38.82585855,-77.35243633
Prince William County Police Department,38.79123828,-77.4229243
Prince William County Police Department,38.81645212,-77.41194951
Prince William County Police Department,38.80115149,-77.43920936
Prince William County Police Department,38.80192522,-77.35333236
Prince William County Police Department,38.83579684,-77.38262814
Prince William County Police Department,38.8344363,-77.42520519
Prince William County Police Department,38.78293509,-77.39048577
Prince William County Police Department,38.81685028,-77.34989624
Prince William County Police Department,38.7719178,-77.37523064
Prince William County Police Department,38.79871361,-77.43852499
Prince William County Police Department,38.78666381,-77.43852748
Prince William County Police Department,38.78800091,-77.37969903
Prince William County Police Department,38.82711429,-77.43988243
Prince William County Police Department,38.80639271,-77.39888626
Prince William County Police Department,38.83731938,-77.42019375
Prince William County Police Department,38.79391301,-77.3403425
Prince William County Police Department,38.80237238,-77.39379043
Prince William County Police Department,38.84161252,-77.38164051
Prince William County Police Department,38.82235013,-77.34911607
Prince William County Police Department,38.80892938,-77.36767914
Prince William County Police Department,38.81411687,-77.39782922
Prince William County Police Department,38.76641909,-77.37604184
Prince William County Police Department,38.80784941,-77.34421151
Prince William County Police Department,38.81606273,-77.40065496
Prince William County Police Department,38.83579083,-77.35702619
Richmond (City) Bureau Of Police,37.54230498,-77.38523909
Richmond (City) Bureau Of Police,37.50435748,-77.47016824
Richmond (City) Bureau Of Police,37.46603166,-77.44376861
Richmond (City) Bureau Of Police,37.5358194,-77.43530109
Richmond (City) Bureau Of Police,37.49368858,-77.40444733
Richmond (City) Bureau Of Police,37.55786934,-77.4152445
Richmond (City) Bureau Of Police,37.56152681,-77.40442219
Richmond (City) Bureau Of Police,37.50546658,-77.49743929
Richmond (City) Bureau Of Police,37.59704915,-77.45499397
Richmond (City) Bureau Of Police,37.50374657,-77.42369747
Richmond (City) Bureau Of Police,37.58748995,-77.49455653
Richmond (City) Bureau Of Police,37.49954887,-77.3886108
Richmond (City) Bureau Of Police,37.5930965,-77.48427683
Richmond (City) Bureau Of Police,37.52041911,-77.40723233
Richmond (City) Bureau Of Police,37.50753215,-77.51387653
Richmond (City) Bureau Of Police,37.49953215,-77.4273138
Richmond (City) Bureau Of Police,37.5124739,-77.5303101
Richmond (City) Bureau Of Police,37.47315017,-77.47159364
Richmond (City) Bureau Of Police,37.51550551,-77.45036197
Richmond (City) Bureau Of Police,37.50064508,-77.3985354
Richmond (City) Bureau Of Police,37.48889396,-77.53345045
Richmond (City) Bureau Of Police,37.57097093,-77.47284832
Richmond (City) Bureau Of Police,37.59237491,-77.43322263
Richmond (City) Bureau Of Police,37.51686431,-77.47035857
Richmond (City) Bureau Of Police,37.50539041,-77.3876152
Richmond (City) Bureau Of Police,37.53894528,-77.51191314
Richmond (City) Bureau Of Police,37.54784954,-77.50215678
Richmond (City) Bureau Of Police,37.52431612,-77.41674287
Richmond (City) Bureau Of Police,37.55971257,-77.40714035
Richmond (City) Bureau Of Police,37.48861194,-77.52697597
Richmond (City) Bureau Of Police,37.57778009,-77.47676601
Richmond (City) Bureau Of Police,37.50351824,-77.53185692
Richmond (City) Bureau Of Police,37.55822984,-77.51165243
Richmond (City) Bureau Of Police,37.55703837,-77.45850377
Richmond (City) Bureau Of Police,37.50218445,-77.40443177
Richmond (City) Bureau Of Police,37.58874581,-77.46344912
Richmond (City) Bureau Of Police,37.58937884,-77.51067133
Richmond (City) Bureau Of Police,37.52439163,-77.42150099
Richmond (City) Bureau Of Police,37.50327662,-77.44280763
Richmond (City) Bureau Of Police,37.55720879,-77.52080232
Richmond (City) Bureau Of Police,37.52772592,-77.52751668
Richmond (City) Bureau Of Police,37.5837066,-77.44658607
Richmond (City) Bureau Of Police,37.55009403,-77.3838103
Richmond (City) Bureau Of Police,37.53545531,-77.43279702
Richmond (City) Bureau Of Police,37.58818757,-77.48106279
Richmond (City) Bureau Of Police,37.56804897,-77.5032101
Richmond (City) Bureau Of Police,37.512496,-77.53298406
Richmond (City) Bureau Of Police,37.53333908,-77.52393066
Richmond (City) Bureau Of Police,37.51726538,-77.5293747
Richmond (City) Bureau Of Police,37.46822841,-77.42215731
Richmond (City) Bureau Of Police,37.53588491,-77.41088745
Richmond (City) Bureau Of Police,37.51144674,-77.42566333
Richmond (City) Bureau Of Police,37.59489761,-77.4409779
Richmond (City) Bureau Of Police,37.55206544,-77.45833826
Richmond (City) Bureau Of Police,37.48442224,-77.42837717
Richmond (City) Bureau Of Police,37.51194611,-77.41425497
Richmond (City) Bureau Of Police,37.48213748,-77.40133159
Richmond (City) Bureau Of Police,37.49749743,-77.50314702
Richmond (City) Bureau Of Police,37.58179824,-77.50647967
Richmond (City) Bureau Of Police,37.5103864,-77.54268952
Richmond (City) Bureau Of Police,37.55610559,-77.38674457
Richmond (City) Bureau Of Police,37.49703212,-77.46837724
Richmond (City) Bureau Of Police,37.56373138,-77.46926349
Richmond (City) Bureau Of Police,37.56241632,-77.48226797
Richmond (City) Bureau Of Police,37.60314646,-77.47447759
Richmond (City) Bureau Of Police,37.46501322,-77.48284542
Richmond (City) Bureau Of Police,37.53045082,-77.40246215
Richmond (City) Bureau Of Police,37.5837383,-77.44474599
Richmond (City) Bureau Of Police,37.4741217,-77.50676569
Richmond (City) Bureau Of Police,37.46125065,-77.45009768
Richmond (City) Bureau Of Police,37.53829508,-77.51934108
Richmond (City) Bureau Of Police,37.51819145,-77.44976241
Richmond (City) Bureau Of Police,37.60137369,-77.485776
Richmond (City) Bureau Of Police,37.4602702,-77.45516035
Richmond (City) Bureau Of Police,37.54182603,-77.49056396
Richmond (City) Bureau Of Police,37.55434421,-77.41258412
Richmond (City) Bureau Of Police,37.52381839,-77.39093709
Richmond (City) Bureau Of Police,37.51798025,-77.4823667
Richmond (City) Bureau Of Police,37.55460266,-77.45116754
Richmond (City) Bureau Of Police,37.55368399,-77.38848527
Richmond (City) Bureau Of Police,37.55448323,-77.40696036
Richmond (City) Bureau Of Police,37.54750554,-77.54735856
Richmond (City) Bureau Of Police,37.47951316,-77.49081138
Richmond (City) Bureau Of Police,37.5385195,-77.44652285
Richmond (City) Bureau Of Police,37.4702242,-77.47709286
Richmond (City) Bureau Of Police,37.48680998,-77.47073076
Richmond (City) Bureau Of Police,37.5035402,-77.52837419
Richmond (City) Bureau Of Police,37.57752353,-77.48093288
Richmond (City) Bureau Of Police,37.57591532,-77.48717697
Richmond (City) Bureau Of Police,37.51818703,-77.49903939
Richmond (City) Bureau Of Police,37.52522068,-77.41787524
Richmond (City) Bureau Of Police,37.57446527,-77.42311968
Richmond (City) Bureau Of Police,37.47539084,-77.42574358
Richmond (City) Bureau Of Police,37.50192512,-77.47171949
Richmond (City) Bureau Of Police,37.56527985,-77.45427578
Richmond (City) Bureau Of Police,37.50872459,-77.49168856
Richmond (City) Bureau Of Police,37.58716517,-77.40651906
Richmond (City) Bureau Of Police,37.55323169,-77.38476787
Richmond (City) Bureau Of Police,37.49589057,-77.40357659
Richmond (City) Bureau Of Police,37.57775232,-77.46875627
Spotsylvania County Sheriff Office,38.15102591,-77.70792213
Spotsylvania County Sheriff Office,38.22772104,-77.76171128
Spotsylvania County Sheriff Office,38.08910871,-77.74342125
Spotsylvania County Sheriff Office,38.10784772,-77.74270837
Spotsylvania County Sheriff Office,38.26180869,-77.5937104
Spotsylvania County Sheriff Office,38.16912361,-77.53177441
Spotsylvania County Sheriff Office,38.17096755,-77.63298023
Spotsylvania County Sheriff Office,38.24479263,-77.65832041
Spotsylvania County Sheriff Office,38.26805287,-77.65948885
Spotsylvania County Sheriff Office,38.19199789,-77.71521337
Spotsylvania County Sheriff Office,38.16904214,-77.54338063
Spotsylvania County Sheriff Office,38.17422424,-77.62536952
Spotsylvania County Sheriff Office,38.29166155,-77.69591691
Spotsylvania County Sheriff Office,38.14008154,-77.57890469
Spotsylvania County Sheriff Office,38.19531859,-77.79164845
Spotsylvania County Sheriff Office,38.12225755,-77.66861241
Spotsylvania County Sheriff Office,38.17483014,-77.79647758
Spotsylvania County Sheriff Office,38.16318598,-77.76260115
Spotsylvania County Sheriff Office,38.24489098,-77.67271042
Spotsylvania County Sheriff Office,38.07525526,-77.69042131
Spotsylvania County Sheriff Office,38.26856427,-77.7143649
Spotsylvania County Sheriff Office,38.25655973,-77.6958075
Spotsylvania County Sheriff Office,38.27169618,-77.60722965
Spotsylvania County Sheriff Office,38.25625931,-77.70070066
Spotsylvania County Sheriff Office,38.22176426,-77.60622278
Spotsylvania County Sheriff Office,38.26846334,-77.67675882
Spotsylvania County Sheriff Office,38.11256977,-77.77354909
Spotsylvania County Sheriff Office,38.21616858,-77.57163463
Spotsylvania County Sheriff Office,38.12218479,-77.63585646
Spotsylvania County Sheriff Office,38.07355044,-77.68751666
Spotsylvania County Sheriff Office,38.29035507,-77.67084947
Spotsylvania County Sheriff Office,38.24461457,-77.64751688
Spotsylvania County Sheriff Office,38.09910525,-77.73363338
Spotsylvania County Sheriff Office,38.1600401,-77.55579635
Spotsylvania County Sheriff Office,38.22042508,-77.70441815
Spotsylvania County Sheriff Office,38.16247869,-77.7588742
Spotsylvania County Sheriff Office,38.18860655,-77.78936303
Spotsylvania County Sheriff Office,38.24346815,-77.71457148
Spotsylvania County Sheriff Office,38.13890388,-77.70814009
Spotsylvania County Sheriff Office,38.23102167,-77.62217944
Spotsylvania County Sheriff Office,38.11249049,-77.64672352
Spotsylvania County Sheriff Office,38.15203988,-77.69990294
Spotsylvania County Sheriff Office,38.26640385,-77.67448605
Spotsylvania County Sheriff Office,38.15990131,-77.576188
Spotsylvania County Sheriff Office,38.11600184,-77.63328845
Spotsylvania County Sheriff Office,38.17779183,-77.59697198
Spotsylvania County Sheriff Office,38.23724919,-77.71661096
Spotsylvania County Sheriff Office,38.23521237,-77.69038851
Spotsylvania County Sheriff Office,38.20896358,-77.59861782
Spotsylvania County Sheriff Office,38.15194077,-77.80217501
Spotsylvania County Sheriff Office,38.23901204,-77.56861089
Spotsylvania County Sheriff Office,38.15817803,-77.77132228
Spotsylvania County Sheriff Office,38.18819903,-77.80275432
Spotsylvania County Sheriff Office,38.19272536,-77.74876359
Spotsylvania County Sheriff Office,38.26890432,-77.71815253
Spotsylvania County Sheriff Office,38.10892565,-77.66191463
Spotsylvania County Sheriff Office,38.27467261,-77.75147632
Spotsylvania County Sheriff Office,38.14391896,-77.63418254
Spotsylvania County Sheriff Office,38.18814224,-77.65558056
Spotsylvania County Sheriff Office,38.27058392,-77.74736696
Spotsylvania County Sheriff Office,38.22585856,-77.68790996
Spotsylvania County Sheriff Office,38.14193554,-77.7860469
Spotsylvania County Sheriff Office,38.24020181,-77.78056948
Spotsylvania County Sheriff Office,38.2503378,-77.77646286
Spotsylvania County Sheriff Office,38.10616624,-77.74719703
Spotsylvania County Sheriff Office,38.23046642,-77.68309833
Spotsylvania County Sheriff Office,38.15178654,-77.60616107
Spotsylvania County Sheriff Office,38.14966513,-77.63971938
Spotsylvania County Sheriff Office,38.1397369,-77.69506614
Spotsylvania County Sheriff Office,38.139922,-77.61839221
Spotsylvania County Sheriff Office,38.26824957,-77.74568686
Spotsylvania County Sheriff Office,38.27150194,-77.73367562
Spotsylvania County Sheriff Office,38.10544266,-77.61448075
Spotsylvania County Sheriff Office,38.21152509,-77.73022921
Spotsylvania County Sheriff Office,38.29374799,-77.62783154
Spotsylvania County Sheriff Office,38.19538886,-77.72855647
Spotsylvania County Sheriff Office,38.20910737,-77.69273335
Spotsylvania County Sheriff Office,38.1600552,-77.70144807
Spotsylvania County Sheriff Office,38.17432214,-77.66811142
Spotsylvania County Sheriff Office,38.19308348,-77.63423652
Spotsylvania County Sheriff Office,38.25077281,-77.77161807
Spotsylvania County Sheriff Office,38.23565167,-77.69128918
Spotsylvania County Sheriff Office,38.22606846,-77.65112715
Spotsylvania County Sheriff Office,38.14724157,-77.71489044
Spotsylvania County Sheriff Office,38.12233317,-77.65450616
Spotsylvania County Sheriff Office,38.17651069,-77.6633333
Spotsylvania County Sheriff Office,38.21723227,-77.72761626
Spotsylvania County Sheriff Office,38.16344997,-77.75950326
Spotsylvania County Sheriff Office,38.1764534,-77.65664372
Spotsylvania County Sheriff Office,38.26312303,-77.60587719
Spotsylvania County Sheriff Office,38.24849562,-77.77324098
Spotsylvania County Sheriff Office,38.13716106,-77.60046008
Spotsylvania County Sheriff Office,38.20938993,-77.69540573
Spotsylvania County Sheriff Office,38.25019979,-77.76287178
Spotsylvania County Sheriff Office,38.09470804,-77.64057118
Spotsylvania County Sheriff Office,38.22211066,-77.6607022
Spotsylvania County Sheriff Office,38.2509748,-77.60975003
Spotsylvania County Sheriff Office,38.0951776,-77.59266929
Spotsylvania County Sheriff Office,38.20843219,-77.56776519
Spotsylvania County Sheriff Office,38.21509518,-77.60745539
Stafford County Sheriff Office,38.40184863,-77.53357282
Stafford County Sheriff Office,38.43618783,-77.40851158
Stafford County Sheriff Office,38.40328015,-77.5510741
Stafford County Sheriff Office,38.44140655,-77.52994003
Stafford County Sheriff Office,38.44357765,-77.53312655
Stafford County Sheriff Office,38.37653319,-77.47849724
Stafford County Sheriff Office,38.40086905,-77.41385042
Stafford County Sheriff Office,38.40676043,-77.53947329
Stafford County Sheriff Office,38.4401842,-77.43992117
Stafford County Sheriff Office,38.46026957,-77.44104252
Stafford County Sheriff Office,38.42536271,-77.46319193
Stafford County Sheriff Office,38.44315721,-77.50811683
Stafford County Sheriff Office,38.43920107,-77.45603714
Stafford County Sheriff Office,38.39747272,-77.43756462
Stafford County Sheriff Office,38.4692821,-77.47781035
Stafford County Sheriff Office,38.41682351,-77.48233412
Stafford County Sheriff Office,38.44628549,-77.46139053
Stafford County Sheriff Office,38.37796195,-77.50528962
Stafford County Sheriff Office,38.39455452,-77.49354632
Stafford County Sheriff Office,38.40457328,-77.40884562
Stafford County Sheriff Office,38.45805174,-77.42288863
Stafford County Sheriff Office,38.48759321,-77.42857276
Stafford County Sheriff Office,38.48826895,-77.46206791
Stafford County Sheriff Office,38.42546015,-77.4586296
Stafford County Sheriff Office,38.38358174,-77.50081606
Stafford County Sheriff Office,38.45537498,-77.47954539
Stafford County Sheriff Office,38.49278761,-77.44107897
Stafford County Sheriff Office,38.4287631,-77.46846934
Stafford County Sheriff Office,38.473082,-77.42826275
Stafford County Sheriff Office,38.40505885,-77.50247268
Stafford County Sheriff Office,38.44117341,-77.53248559
Stafford County Sheriff Office,38.47119318,-77.4872329
Stafford County Sheriff Office,38.36176509,-77.49537646
Stafford County Sheriff Office,38.42901742,-77.39461355
Stafford County Sheriff Office,38.3876913,-77.41016332
Stafford County Sheriff Office,38.44057497,-77.4324014
Stafford County Sheriff Office,38.45132709,-77.48925532
Stafford County Sheriff Office,38.37820233,-77.52146287
Stafford County Sheriff Office,38.40491304,-77.54916254
Stafford County Sheriff Office,38.48706147,-77.4921155
Stafford County Sheriff Office,38.42253873,-77.53189495
Stafford County Sheriff Office,38.36101281,-77.44283093
Stafford County Sheriff Office,38.44990234,-77.39903738
Stafford County Sheriff Office,38.49348766,-77.46509501
Stafford County Sheriff Office,38.42087613,-77.51752782
Stafford County Sheriff Office,38.47252845,-77.50350658
Stafford County Sheriff Office,38.39514402,-77.53279913
Stafford County Sheriff Office,38.49727918,-77.47286168
Stafford County Sheriff Office,38.46692559,-77.51626177
Stafford County Sheriff Office,38.46543995,-77.45953498
Stafford County Sheriff Office,38.42667459,-77.47495041
Stafford County Sheriff Office,38.47562833,-77.50067474
Stafford County Sheriff Office,38.4384008,-77.53817991
Stafford County Sheriff Office,38.46646022,-77.48051592
Stafford County Sheriff Office,38.43287272,-77.43849134
Stafford County Sheriff Office,38.36660036,-77.45056135
Stafford County Sheriff Office,38.43117056,-77.47019201
Stafford County Sheriff Office,38.36449077,-77.47720209
Stafford County Sheriff Office,38.42767794,-77.39503137
Stafford County Sheriff Office,38.46206794,-77.39154691
Stafford County Sheriff Office,38.37172878,-77.47666005
Stafford County Sheriff Office,38.36068909,-77.46300517
Stafford County Sheriff Office,38.38432608,-77.49043049
Stafford County Sheriff Office,38.46559848,-77.50244698
Stafford County Sheriff Office,38.4122229,-77.37999649
Stafford County Sheriff Office,38.41727608,-77.53800827
Stafford County Sheriff Office,38.47441519,-77.39838099
Stafford County Sheriff Office,38.46353834,-77.524723
Stafford County Sheriff Office,38.38344519,-77.42852535
Stafford County Sheriff Office,38.38190925,-77.45979854
Stafford County Sheriff Office,38.36515678,-77.42879375
Stafford County Sheriff Office,38.41267865,-77.52482071
Stafford County Sheriff Office,38.4532475,-77.49019918
Stafford County Sheriff Office,38.36889099,-77.43326685
Stafford County Sheriff Office,38.38892012,-77.4640835
Stafford County Sheriff Office,38.47361408,-77.50753052
Stafford County Sheriff Office,38.37329068,-77.43177017
Stafford County Sheriff Office,38.4119593,-77.4818413
Stafford County Sheriff Office,38.38931334,-77.48418314
Stafford County Sheriff Office,38.36623031,-77.51028355
Stafford County Sheriff Office,38.40687033,-77.43753239
Stafford County Sheriff Office,38.3818354,-77.51117322
Stafford County Sheriff Office,38.40241906,-77.44873522
Stafford County Sheriff Office,38.46968989,-77.50243096
Stafford County Sheriff Office,38.39341791,-77.43880175
Stafford County Sheriff Office,38.41711703,-77.41462545
Stafford County Sheriff Office,38.41915063,-77.46934715
Stafford County Sheriff Office,38.4445839,-77.41139562
Stafford County Sheriff Office,38.38760609,-77.52773111
Stafford County Sheriff Office,38.4670324,-77.40558176
Stafford County Sheriff Office,38.39141102,-77.42869618
Stafford County Sheriff Office,38.40974044,-77.40408998
Stafford County Sheriff Office,38.42909782,-77.52330569
Stafford County Sheriff Office,38.44518747,-77.40045928
Stafford County Sheriff Office,38.47827675,-77.4052263
Stafford County Sheriff Office,38.39227631,-77.40317625
Stafford County Sheriff Office,38.38495576,-77.44170577
Stafford County Sheriff Office,38.41576256,-77.40434983
Stafford County Sheriff Office,38.39258973,-77.39422943
Stafford County Sheriff Office,38.39858829,-77.54870527
Virginia Beach Police Dept,36.79660604,-76.21338156
Virginia Beach Police Dept,36.82605413,-75.96719893
Virginia Beach Police Dept,36.9055765,-76.0335802
Virginia Beach Police Dept,36.72342136,-75.96577628
Virginia Beach Police Dept,36.79116541,-75.966711
Virginia Beach Police Dept,36.90491498,-76.07898828
Virginia Beach Police Dept,36.76027194,-75.96169171
Virginia Beach Police Dept,36.86935584,-76.21942058
Virginia Beach Police Dept,36.90529335,-75.93826031
Virginia Beach Police Dept,36.76245018,-76.08004226
Virginia Beach Police Dept,36.80074516,-75.94435393
Virginia Beach Police Dept,36.72252893,-75.98443365
Virginia Beach Police Dept,36.84828842,-75.99210715
Virginia Beach Police Dept,36.73525612,-75.96550057
Virginia Beach Police Dept,36.79323433,-75.92084155
Virginia Beach Police Dept,36.78004732,-76.16762942
Virginia Beach Police Dept,36.91052373,-76.18965612
Virginia Beach Police Dept,36.87490017,-76.14525701
Virginia Beach Police Dept,36.7695984,-76.01754135
Virginia Beach Police Dept,36.68184745,-76.14752881
Virginia Beach Police Dept,36.79654171,-76.17522401
Virginia Beach Police Dept,36.84872621,-75.91321477
Virginia Beach Police Dept,36.90483982,-76.07082512
Virginia Beach Police Dept,36.94147106,-76.06025419
Virginia Beach Police Dept,36.88938832,-76.05220299
Virginia Beach Police Dept,36.95244746,-76.07935774
Virginia Beach Police Dept,36.91330113,-76.179481
Virginia Beach Police Dept,36.76155457,-76.10961528
Virginia Beach Police Dept,36.7210766,-75.99195112
Virginia Beach Police Dept,36.78211994,-75.90346274
Virginia Beach Police Dept,36.7703779,-75.957633
Virginia Beach Police Dept,36.83919277,-76.07536029
Virginia Beach Police Dept,36.87257072,-76.14228888
Virginia Beach Police Dept,36.78240346,-76.23836661
Virginia Beach Police Dept,36.86668156,-75.95097333
Virginia Beach Police Dept,36.93640516,-76.05251314
Virginia Beach Police Dept,36.90837091,-75.94236154
Virginia Beach Police Dept,36.70732968,-76.14031907
Virginia Beach Police Dept,36.82614821,-76.09746358
Virginia Beach Police Dept,36.70680515,-76.03745125
Virginia Beach Police Dept,36.78700286,-75.96070041
Virginia Beach Police Dept,36.85504247,-76.20682317
Virginia Beach Police Dept,36.85673207,-76.11949232
Virginia Beach Police Dept,36.77542402,-76.04270982
Virginia Beach Police Dept,36.7144723,-76.19909943
Virginia Beach Police Dept,36.76232297,-76.12126392
Virginia Beach Police Dept,36.90605384,-76.03248133
Virginia Beach Police Dept,36.74184932,-76.2076357
Virginia Beach Police Dept,36.89052701,-75.95987432
Virginia Beach Police Dept,36.68651382,-76.10286148
Virginia Beach Police Dept,36.65139404,-75.95254933
Virginia Beach Police Dept,36.57639632,-76.08955631
Virginia Beach Police Dept,36.64072097,-75.965118
Virginia Beach Police Dept,36.5750873,-75.90135091
Virginia Beach Police Dept,36.61169009,-76.10790091
Virginia Beach Police Dept,36.58070146,-76.04072417
Virginia Beach Police Dept,36.63615358,-75.94894829
Virginia Beach Police Dept,36.62743082,-75.99055423
Virginia Beach Police Dept,36.64655281,-75.95875038
Virginia Beach Police Dept,36.61708027,-75.91823617
Virginia Beach Police Dept,36.60726779,-76.04839586
Virginia Beach Police Dept,36.55081725,-75.97468898
Virginia Beach Police Dept,36.56098457,-76.00567929
Virginia Beach Police Dept,36.54842687,-75.92807088
Virginia Beach Police Dept,36.61533782,-75.98464359
Virginia Beach Police Dept,36.61833042,-75.93543135
Virginia Beach Police Dept,36.62814278,-76.10286791
Virginia Beach Police Dept,36.71794344,-75.95726703
Virginia Beach Police Dept,36.65785163,-75.91879678
Virginia Beach Police Dept,36.64235817,-75.89011236
Virginia Beach Police Dept,36.65132265,-76.10561479
Virginia Beach Police Dept,36.57273719,-75.94654935
Virginia Beach Police Dept,36.57343497,-76.02042365
Virginia Beach Police Dept,36.53820847,-75.98414197
Virginia Beach Police Dept,36.53581724,-76.00948476
Virginia Beach Police Dept,36.57184562,-76.07015804
Virginia Beach Police Dept,36.64085945,-76.11631813
Virginia Beach Police Dept,36.65285256,-76.00428627
Virginia Beach Police Dept,36.66610983,-75.93591742
Virginia Beach Police Dept,36.67686246,-75.92738224
Virginia Beach Police Dept,36.60483989,-75.90415773
Virginia Beach Police Dept,36.68869638,-76.08009629
Virginia Beach Police Dept,36.66850274,-76.08583747
Virginia Beach Police Dept,36.66918327,-76.00664002
Virginia Beach Police Dept,36.60876282,-75.89223184
Virginia Beach Police Dept,36.60103804,-75.93111991
Virginia Beach Police Dept,36.62144313,-76.02819089
Virginia Beach Police Dept,36.55523522,-75.98993139
Virginia Beach Police Dept,36.5965666,-75.88537239
Virginia Beach Police Dept,36.56300733,-75.96823401
Virginia Beach Police Dept,36.56336766,-75.94818199
Virginia Beach Police Dept,36.67310571,-75.89455801
Virginia Beach Police Dept,36.66638684,-76.00482585
Virginia Beach Police Dept,36.64305523,-76.04381904
Virginia Beach Police Dept,36.64748416,-76.04359771
Virginia Beach Police Dept,36.6522909,-76.00103022
Virginia Beach Police Dept,36.5941307,-76.03604837
Virginia Beach Police Dept,36.70386429,-75.99879972
Virginia Beach Police Dept,36.68373122,-76.06885246
Virginia Beach Police Dept,36.63155137,-75.90870531
Albemarle ,37.97159725,-78.67888892
Albemarle ,38.0161234,-78.58567965
Albemarle ,37.91567439,-78.55975152
Albemarle ,37.92995355,-78.62874802
Albemarle ,38.08367084,-78.62637487
Albemarle ,38.03524264,-78.45492006
Albemarle ,38.09400729,-78.68197757
Albemarle ,38.02499496,-78.67321745
Albemarle ,38.02292674,-78.67717047
Albemarle ,37.97314951,-78.47898648
Albemarle ,38.11107422,-78.55803692
Albemarle ,37.93555605,-78.51531565
Albemarle ,37.95745711,-78.58826573
Albemarle ,38.0151321,-78.49658103
Albemarle ,38.02824824,-78.55758568
Albemarle ,38.1118556,-78.54475657
Albemarle ,38.00709738,-78.53926005
Albemarle ,37.98201017,-78.54739964
Albemarle ,38.0393885,-78.42957378
Albemarle ,38.07721489,-78.64354589
Albemarle ,37.95421387,-78.54578586
Albemarle ,37.99802863,-78.69785505
Albemarle ,37.98678519,-78.43782537
Albemarle ,37.99463009,-78.65888788
Albemarle ,38.06521286,-78.43732385
Albemarle ,37.99268426,-78.60921509
Albemarle ,37.99983099,-78.58106037
Albemarle ,38.00092585,-78.46903174
Albemarle ,38.04722267,-78.50245871
Albemarle ,38.07583871,-78.61028743
Albemarle ,38.01887786,-78.69674842
Albemarle ,38.12062733,-78.55294292
Albemarle ,37.93457386,-78.61856015
Albemarle ,38.0515498,-78.59277783
Albemarle ,38.03721405,-78.59495556
Albemarle ,38.07367748,-78.68046228
Albemarle ,38.04681529,-78.65485318
Albemarle ,38.06543525,-78.6828886
Albemarle ,38.02997165,-78.47589175
Albemarle ,38.13453246,-78.57855391
Albemarle ,37.9625264,-78.6548745
Albemarle ,37.95541186,-78.53613894
Albemarle ,38.05950351,-78.58597654
Albemarle ,37.96854707,-78.66440681
Albemarle ,38.12821307,-78.5788824
Albemarle ,38.07456083,-78.68348168
Albemarle ,37.96701392,-78.57504967
Albemarle ,38.00354415,-78.64788545
Albemarle ,38.01651935,-78.57218112
Albemarle ,38.05746255,-78.57695899
Albemarle ,37.98310227,-78.66903324
Albemarle ,38.01736015,-78.61417018
Albemarle ,38.00389843,-78.67375546
Albemarle ,38.0998876,-78.60261796
Albemarle ,38.01962154,-78.6673248
Albemarle ,38.11735388,-78.51032313
Albemarle ,37.93995173,-78.49758802
Albemarle ,38.07610702,-78.62098582
Albemarle ,38.05836441,-78.58247321
Albemarle ,38.02553007,-78.66981515
Albemarle ,38.07315811,-78.42948976
Albemarle ,38.04259397,-78.59311383
Albemarle ,38.05232074,-78.60696596
Albemarle ,38.06360713,-78.55045282
Albemarle ,38.04184449,-78.70991455
Albemarle ,38.0004197,-78.61947496
Albemarle ,38.09685318,-78.6347919
Albemarle ,38.04810906,-78.69467101
Albemarle ,38.00562487,-78.43339862
Albemarle ,37.93686096,-78.5861055
Albemarle ,37.99437671,-78.51179949
Albemarle ,37.94905327,-78.59559675
Albemarle ,37.9817499,-78.53977236
Albemarle ,38.09796277,-78.55300081
Albemarle ,38.01003533,-78.66039396
Albemarle ,38.04667292,-78.48838953
Albemarle ,37.97912618,-78.51756281
Albemarle ,38.06680183,-78.57652184
Albemarle ,38.08419565,-78.63300978
Albemarle ,37.95440507,-78.48336836
Albemarle ,37.97233384,-78.49937507
Albemarle ,37.97779134,-78.54204524
Albemarle ,38.02376921,-78.49032691
Albemarle ,38.1287201,-78.62589593
Albemarle ,38.13004602,-78.61432983
Albemarle ,37.93965947,-78.50438682
Albemarle ,38.12186199,-78.50875681
Albemarle ,37.94341323,-78.54127973
Albemarle ,37.97132921,-78.52351344
Albemarle ,38.1351343,-78.52272706
Albemarle ,38.06233194,-78.61887927
Albemarle ,38.13330023,-78.61709414
Albemarle ,38.04359643,-78.61702254
Albemarle ,38.07375211,-78.51332935
Albemarle ,38.02796189,-78.51493876
Albemarle ,37.99196174,-78.67275141
Albemarle ,38.09031132,-78.57755963
Albemarle ,37.98867695,-78.67298952
Albemarle ,38.01668227,-78.55424966
Albemarle ,37.9820868,-78.64495985
Alexandria Police Dept,38.81725218,-77.06166162
Alexandria Police Dept,38.83887345,-77.05882214
Alexandria Police Dept,38.81413227,-77.05609578
Alexandria Police Dept,38.81846702,-77.03977039
Alexandria Police Dept,38.8134654,-77.08529003
Alexandria Police Dept,38.81903383,-77.06013495
Alexandria Police Dept,38.83657365,-77.05071435
Alexandria Police Dept,38.8358272,-77.06167297
Alexandria Police Dept,38.8209519,-77.04742578
Alexandria Police Dept,38.83992155,-77.06956705
Alexandria Police Dept,38.81552617,-77.03889439
Alexandria Police Dept,38.81639134,-77.054024
Alexandria Police Dept,38.83162825,-77.04915154
Alexandria Police Dept,38.8292707,-77.04291448
Alexandria Police Dept,38.81884471,-77.05864937
Alexandria Police Dept,38.80643662,-77.04888786
Alexandria Police Dept,38.83466095,-77.076443
Alexandria Police Dept,38.80248163,-77.07504521
Alexandria Police Dept,38.81256486,-77.07349954
Alexandria Police Dept,38.80362597,-77.06213483
Alexandria Police Dept,38.80538655,-77.06815075
Alexandria Police Dept,38.81516173,-77.05453368
Alexandria Police Dept,38.8198122,-77.08477058
Alexandria Police Dept,38.82405144,-77.08623256
Alexandria Police Dept,38.83343719,-77.05573012
Alexandria Police Dept,38.81686891,-77.04665132
Alexandria Police Dept,38.82499622,-77.05552698
Alexandria Police Dept,38.8384415,-77.05116792
Alexandria Police Dept,38.80521985,-77.063964
Alexandria Police Dept,38.81615023,-77.08642715
Alexandria Police Dept,38.81095109,-77.05646534
Alexandria Police Dept,38.83049544,-77.04511894
Alexandria Police Dept,38.8166541,-77.06408666
Alexandria Police Dept,38.80405979,-77.06606955
Alexandria Police Dept,38.82080893,-77.08192492
Alexandria Police Dept,38.83230922,-77.07681965
Alexandria Police Dept,38.8241602,-77.04382379
Alexandria Police Dept,38.82075651,-77.07288078
Alexandria Police Dept,38.79907233,-77.05986129
Alexandria Police Dept,38.81421493,-77.06513169
Alexandria Police Dept,38.80478147,-77.05297926
Alexandria Police Dept,38.81994033,-77.04389463
Alexandria Police Dept,38.8189623,-77.03766365
Alexandria Police Dept,38.82354956,-77.06871611
Alexandria Police Dept,38.81533284,-77.05994249
Alexandria Police Dept,38.82001147,-77.07418654
Alexandria Police Dept,38.80925598,-77.08054163
Alexandria Police Dept,38.81894993,-77.08583024
Alexandria Police Dept,38.81526407,-77.07833619
Alexandria Police Dept,38.8239778,-77.05151652
Alexandria Police Dept,38.80921354,-77.11228494
Alexandria Police Dept,38.8331818,-77.11092933
Alexandria Police Dept,38.80701138,-77.12756274
Alexandria Police Dept,38.82521779,-77.13423415
Alexandria Police Dept,38.81078894,-77.09203118
Alexandria Police Dept,38.81333568,-77.08640427
Alexandria Police Dept,38.81375306,-77.09575254
Alexandria Police Dept,38.80467441,-77.11683939
Alexandria Police Dept,38.81425068,-77.09289468
Alexandria Police Dept,38.83086033,-77.09570795
Alexandria Police Dept,38.83231408,-77.1144413
Alexandria Police Dept,38.82534729,-77.0861231
Alexandria Police Dept,38.8236095,-77.0930345
Alexandria Police Dept,38.81364293,-77.13357107
Alexandria Police Dept,38.80208323,-77.11194777
Alexandria Police Dept,38.81008777,-77.10671216
Alexandria Police Dept,38.81829139,-77.11693064
Alexandria Police Dept,38.80951681,-77.12215671
Alexandria Police Dept,38.81542536,-77.11727225
Alexandria Police Dept,38.82808157,-77.10781874
Alexandria Police Dept,38.8064606,-77.09083115
Alexandria Police Dept,38.81829113,-77.12989137
Alexandria Police Dept,38.82813494,-77.11715841
Alexandria Police Dept,38.83464782,-77.12054184
Alexandria Police Dept,38.80301211,-77.09446759
Alexandria Police Dept,38.8143165,-77.12973256
Alexandria Police Dept,38.83104139,-77.12820052
Alexandria Police Dept,38.82586104,-77.11378587
Alexandria Police Dept,38.81372792,-77.10497341
Alexandria Police Dept,38.80497752,-77.10774643
Alexandria Police Dept,38.80518385,-77.13195254
Alexandria Police Dept,38.82481097,-77.09037757
Alexandria Police Dept,38.82339629,-77.12745126
Alexandria Police Dept,38.81752004,-77.10523646
Alexandria Police Dept,38.8302376,-77.13184051
Alexandria Police Dept,38.80235219,-77.12861026
Alexandria Police Dept,38.82051903,-77.12570434
Alexandria Police Dept,38.8091369,-77.10455834
Alexandria Police Dept,38.82469427,-77.09834452
Alexandria Police Dept,38.82376789,-77.09965426
Alexandria Police Dept,38.80445673,-77.10082823
Alexandria Police Dept,38.8274337,-77.09450718
Alexandria Police Dept,38.8215027,-77.13346601
Alexandria Police Dept,38.81769745,-77.13381497
Alexandria Police Dept,38.82890307,-77.09291964
Alexandria Police Dept,38.80633497,-77.09067584
Alexandria Police Dept,38.82824345,-77.10025085
Alexandria Police Dept,38.82966396,-77.11013604
Alexandria Police Dept,38.82104918,-77.09258298
Alexandria Police Dept,38.79808998,-77.1080521
Arlington County Police Department,38.88018584,-77.08335089
Arlington County Police Department,38.8901077,-77.12556586
Arlington County Police Department,38.88920432,-77.11484286
Arlington County Police Department,38.90117251,-77.08025014
Arlington County Police Department,38.86439005,-77.06785131
Arlington County Police Department,38.89820217,-77.11575814
Arlington County Police Department,38.86518161,-77.08465649
Arlington County Police Department,38.89620435,-77.10514132
Arlington County Police Department,38.89937244,-77.09682058
Arlington County Police Department,38.88894783,-77.12958169
Arlington County Police Department,38.86110229,-77.09517904
Arlington County Police Department,38.86307874,-77.12319113
Arlington County Police Department,38.88868161,-77.13180494
Arlington County Police Department,38.88396782,-77.07401417
Arlington County Police Department,38.88258569,-77.06791846
Arlington County Police Department,38.87644525,-77.08307397
Arlington County Police Department,38.87663024,-77.11779237
Arlington County Police Department,38.87839251,-77.08155121
Arlington County Police Department,38.8856076,-77.12019148
Arlington County Police Department,38.86460744,-77.07334171
Arlington County Police Department,38.8843064,-77.08007378
Arlington County Police Department,38.88475525,-77.06743934
Arlington County Police Department,38.89326919,-77.10509807
Arlington County Police Department,38.85526542,-77.08032432
Arlington County Police Department,38.8723974,-77.07366103
Arlington County Police Department,38.89367323,-77.1264503
Arlington County Police Department,38.89619843,-77.12071324
Arlington County Police Department,38.87900681,-77.08552735
Arlington County Police Department,38.88962455,-77.09264226
Arlington County Police Department,38.86355627,-77.1186164
Arlington County Police Department,38.88137341,-77.11919821
Arlington County Police Department,38.86411231,-77.12021698
Arlington County Police Department,38.87392218,-77.12730642
Arlington County Police Department,38.87919989,-77.10695329
Arlington County Police Department,38.87574913,-77.1351595
Arlington County Police Department,38.88055522,-77.11489819
Arlington County Police Department,38.86536136,-77.0674581
Arlington County Police Department,38.89960628,-77.11364084
Arlington County Police Department,38.90539468,-77.10135856
Arlington County Police Department,38.88413336,-77.11189385
Arlington County Police Department,38.89621032,-77.10043404
Arlington County Police Department,38.8741991,-77.13323642
Arlington County Police Department,38.89217815,-77.10658967
Arlington County Police Department,38.86292591,-77.08230359
Arlington County Police Department,38.88341731,-77.10309642
Arlington County Police Department,38.85228477,-77.0980208
Arlington County Police Department,38.86113961,-77.11040902
Arlington County Police Department,38.87300424,-77.09055036
Arlington County Police Department,38.85552915,-77.08452101
Arlington County Police Department,38.87532451,-77.08392425
Arlington County Police Department,38.90595535,-77.11019369
Arlington County Police Department,38.88595726,-77.13249594
Arlington County Police Department,38.86318171,-77.07243008
Arlington County Police Department,38.88854419,-77.10381708
Arlington County Police Department,38.89296827,-77.07635724
Arlington County Police Department,38.88896865,-77.0718888
Arlington County Police Department,38.88055362,-77.08849341
Arlington County Police Department,38.86921452,-77.09487045
Arlington County Police Department,38.87607957,-77.12926239
Arlington County Police Department,38.87089409,-77.10391617
Arlington County Police Department,38.8833006,-77.09558134
Arlington County Police Department,38.90399612,-77.10012703
Arlington County Police Department,38.86146065,-77.08611122
Arlington County Police Department,38.87738052,-77.07342362
Arlington County Police Department,38.87492128,-77.12785577
Arlington County Police Department,38.87965276,-77.12327112
Arlington County Police Department,38.88811344,-77.08371
Arlington County Police Department,38.8949774,-77.11023522
Arlington County Police Department,38.89657842,-77.09148639
Arlington County Police Department,38.86807135,-77.08619241
Arlington County Police Department,38.8687052,-77.10618374
Arlington County Police Department,38.89691645,-77.11110181
Arlington County Police Department,38.88211299,-77.11853836
Arlington County Police Department,38.87056973,-77.11965778
Arlington County Police Department,38.87100163,-77.09334083
Arlington County Police Department,38.90243581,-77.10771111
Arlington County Police Department,38.87998183,-77.06478022
Arlington County Police Department,38.86006783,-77.08977488
Arlington County Police Department,38.86923815,-77.08662705
Arlington County Police Department,38.88042798,-77.11954947
Arlington County Police Department,38.85644498,-77.10753443
Arlington County Police Department,38.88188291,-77.06207247
Arlington County Police Department,38.89390612,-77.07316797
Arlington County Police Department,38.85669049,-77.11724282
Arlington County Police Department,38.89766601,-77.09720219
Arlington County Police Department,38.90806526,-77.1068218
Arlington County Police Department,38.85652101,-77.10236612
Arlington County Police Department,38.86698081,-77.08258994
Arlington County Police Department,38.88266414,-77.08456845
Arlington County Police Department,38.89346504,-77.09413149
Arlington County Police Department,38.88112058,-77.07854744
Arlington County Police Department,38.87243957,-77.11542248
Arlington County Police Department,38.87864242,-77.07777294
Arlington County Police Department,38.86761989,-77.11171064
Arlington County Police Department,38.86453158,-77.10836398
Arlington County Police Department,38.86402953,-77.09119888
Arlington County Police Department,38.88068458,-77.07101355
Arlington County Police Department,38.87145392,-77.07534475
Arlington County Police Department,38.868784,-77.11633984
Arlington County Police Department,38.86836862,-77.12365045
Chesapeake Police Dept,36.6263496,-76.26740746
Chesapeake Police Dept,36.60798991,-76.33384313
Chesapeake Police Dept,36.6598864,-76.21378097
Chesapeake Police Dept,36.6718556,-76.28013553
Chesapeake Police Dept,36.68200604,-76.21206752
Chesapeake Police Dept,36.70628452,-76.34754576
Chesapeake Police Dept,36.73018454,-76.28912782
Chesapeake Police Dept,36.62856775,-76.23924354
Chesapeake Police Dept,36.68658845,-76.28941564
Chesapeake Police Dept,36.66746455,-76.31480269
Chesapeake Police Dept,36.74191314,-76.3297972
Chesapeake Police Dept,36.6275785,-76.22249334
Chesapeake Police Dept,36.70844087,-76.39210893
Chesapeake Police Dept,36.6310594,-76.3244129
Chesapeake Police Dept,36.68261103,-76.37235198
Chesapeake Police Dept,36.65755765,-76.3845394
Chesapeake Police Dept,36.63772113,-76.30538527
Chesapeake Police Dept,36.69886463,-76.31758322
Chesapeake Police Dept,36.63580529,-76.30659922
Chesapeake Police Dept,36.70970497,-76.28230106
Chesapeake Police Dept,36.62183473,-76.35426831
Chesapeake Police Dept,36.6672628,-76.35011543
Chesapeake Police Dept,36.70147612,-76.27125538
Chesapeake Police Dept,36.61358098,-76.34351799
Chesapeake Police Dept,36.73068886,-76.33748381
Chesapeake Police Dept,36.67944177,-76.37453153
Chesapeake Police Dept,36.65911758,-76.28396194
Chesapeake Police Dept,36.66803136,-76.34278967
Chesapeake Police Dept,36.68294705,-76.29275211
Chesapeake Police Dept,36.63292905,-76.31577826
Chesapeake Police Dept,36.75636554,-76.25545852
Chesapeake Police Dept,36.64843864,-76.38874675
Chesapeake Police Dept,36.63843938,-76.30836325
Chesapeake Police Dept,36.72233516,-76.32671805
Chesapeake Police Dept,36.61900051,-76.25567229
Chesapeake Police Dept,36.71418161,-76.31042075
Chesapeake Police Dept,36.69839599,-76.32296649
Chesapeake Police Dept,36.68915126,-76.23245741
Chesapeake Police Dept,36.68268147,-76.30869785
Chesapeake Police Dept,36.66133143,-76.38253713
Chesapeake Police Dept,36.69352416,-76.3368184
Chesapeake Police Dept,36.70509985,-76.23415279
Chesapeake Police Dept,36.73996675,-76.25912182
Chesapeake Police Dept,36.64318962,-76.22341723
Chesapeake Police Dept,36.65100229,-76.30736227
Chesapeake Police Dept,36.69660426,-76.33463235
Chesapeake Police Dept,36.68943655,-76.25793004
Chesapeake Police Dept,36.75217244,-76.28819142
Chesapeake Police Dept,36.60300274,-76.33501144
Chesapeake Police Dept,36.61030491,-76.31092663
Chesapeake Police Dept,36.68918334,-76.21590604
Chesapeake Police Dept,36.62544915,-76.37088788
Chesapeake Police Dept,36.63137042,-76.34677235
Chesapeake Police Dept,36.64273163,-76.34874402
Chesapeake Police Dept,36.67948342,-76.22906831
Chesapeake Police Dept,36.68423614,-76.36943967
Chesapeake Police Dept,36.71586253,-76.30154404
Chesapeake Police Dept,36.66826667,-76.35888991
Chesapeake Police Dept,36.76756078,-76.31154297
Chesapeake Police Dept,36.65400652,-76.21570484
Chesapeake Police Dept,36.70721869,-76.36517455
Chesapeake Police Dept,36.74452625,-76.36004518
Chesapeake Police Dept,36.65957768,-76.25242993
Chesapeake Police Dept,36.68002435,-76.40323345
Chesapeake Police Dept,36.64837754,-76.38092086
Chesapeake Police Dept,36.74354655,-76.31042041
Chesapeake Police Dept,36.66798078,-76.29292188
Chesapeake Police Dept,36.68757404,-76.33314694
Chesapeake Police Dept,36.72695984,-76.38250964
Chesapeake Police Dept,36.68365911,-76.27183189
Chesapeake Police Dept,36.6421272,-76.26541669
Chesapeake Police Dept,36.68532037,-76.25525644
Chesapeake Police Dept,36.6210181,-76.36630029
Chesapeake Police Dept,36.72414302,-76.38936904
Chesapeake Police Dept,36.67555932,-76.21761766
Chesapeake Police Dept,36.70835442,-76.30183907
Chesapeake Police Dept,36.63165454,-76.27073386
Chesapeake Police Dept,36.70967754,-76.34114439
Chesapeake Police Dept,36.67806251,-76.401595
Chesapeake Police Dept,36.64872752,-76.34871398
Chesapeake Police Dept,36.66584466,-76.2525491
Chesapeake Police Dept,36.75210282,-76.3662643
Chesapeake Police Dept,36.64699303,-76.24918568
Chesapeake Police Dept,36.69368837,-76.40629927
Chesapeake Police Dept,36.63993966,-76.21800268
Chesapeake Police Dept,36.61171281,-76.2954027
Chesapeake Police Dept,36.68444043,-76.29510778
Chesapeake Police Dept,36.63406737,-76.35238248
Chesapeake Police Dept,36.7049358,-76.29055326
Chesapeake Police Dept,36.71341377,-76.3218404
Chesapeake Police Dept,36.65382489,-76.34273383
Chesapeake Police Dept,36.65606037,-76.20512139
Chesapeake Police Dept,36.69374795,-76.20412853
Chesapeake Police Dept,36.73509461,-76.25439933
Chesapeake Police Dept,36.61640305,-76.35999551
Chesapeake Police Dept,36.74059605,-76.33837605
Chesapeake Police Dept,36.64850994,-76.22646249
Chesapeake Police Dept,36.64401979,-76.2825922
Chesapeake Police Dept,36.72255098,-76.26868367
Chesapeake Police Dept,36.65327869,-76.35154653
Chesterfield County Police Department,37.32857224,-77.53779755
Chesterfield County Police Department,37.46046238,-77.58909724
Chesterfield County Police Department,37.40932595,-77.61519484
Chesterfield County Police Department,37.34233025,-77.62591811
Chesterfield County Police Department,37.46938088,-77.53231565
Chesterfield County Police Department,37.38872218,-77.4809255
Chesterfield County Police Department,37.37272744,-77.54586234
Chesterfield County Police Department,37.35407981,-77.48326536
Chesterfield County Police Department,37.37018034,-77.5821223
Chesterfield County Police Department,37.35686312,-77.45707169
Chesterfield County Police Department,37.43347253,-77.6754597
Chesterfield County Police Department,37.46164207,-77.58016318
Chesterfield County Police Department,37.43941879,-77.49214817
Chesterfield County Police Department,37.45727828,-77.57572097
Chesterfield County Police Department,37.4066666,-77.65000292
Chesterfield County Police Department,37.47064473,-77.58574637
Chesterfield County Police Department,37.36087992,-77.52637105
Chesterfield County Police Department,37.30562995,-77.63087635
Chesterfield County Police Department,37.32352724,-77.617124
Chesterfield County Police Department,37.3519709,-77.51789465
Chesterfield County Police Department,37.35310555,-77.48751289
Chesterfield County Police Department,37.47049998,-77.63395236
Chesterfield County Police Department,37.46611438,-77.5645813
Chesterfield County Police Department,37.37226883,-77.59522606
Chesterfield County Police Department,37.33445771,-77.63121715
Chesterfield County Police Department,37.34051321,-77.65838897
Chesterfield County Police Department,37.38821501,-77.45325731
Chesterfield County Police Department,37.33129149,-77.63193951
Chesterfield County Police Department,37.40361102,-77.54425924
Chesterfield County Police Department,37.42834289,-77.58438354
Chesterfield County Police Department,37.31120124,-77.62626852
Chesterfield County Police Department,37.42373226,-77.6853317
Chesterfield County Police Department,37.3649233,-77.57754862
Chesterfield County Police Department,37.36715977,-77.5345184
Chesterfield County Police Department,37.36545901,-77.63105536
Chesterfield County Police Department,37.44285841,-77.58290187
Chesterfield County Police Department,37.383701,-77.60174553
Chesterfield County Police Department,37.30304743,-77.53580022
Chesterfield County Police Department,37.3008046,-77.51890662
Chesterfield County Police Department,37.45435597,-77.55523678
Chesterfield County Police Department,37.3542504,-77.54854365
Chesterfield County Police Department,37.33635765,-77.67075681
Chesterfield County Police Department,37.36641285,-77.49497491
Chesterfield County Police Department,37.29197552,-77.56767869
Chesterfield County Police Department,37.45100035,-77.5415836
Chesterfield County Police Department,37.46703199,-77.5994318
Chesterfield County Police Department,37.39404864,-77.58223285
Chesterfield County Police Department,37.44892729,-77.52597836
Chesterfield County Police Department,37.40149025,-77.50259883
Chesterfield County Police Department,37.3005933,-77.60875922
Chesterfield County Police Department,37.40527642,-77.58890205
Chesterfield County Police Department,37.38253997,-77.66308086
Chesterfield County Police Department,37.37120285,-77.54065398
Chesterfield County Police Department,37.4617181,-77.49967461
Chesterfield County Police Department,37.37020857,-77.56014456
Chesterfield County Police Department,37.30536476,-77.61999893
Chesterfield County Police Department,37.29540658,-77.61127323
Chesterfield County Police Department,37.39538617,-77.70013657
Chesterfield County Police Department,37.46532192,-77.50898317
Chesterfield County Police Department,37.3907669,-77.5742064
Chesterfield County Police Department,37.4027613,-77.48636985
Chesterfield County Police Department,37.36789731,-77.55617746
Chesterfield County Police Department,37.41918069,-77.49310483
Chesterfield County Police Department,37.42176093,-77.49028367
Chesterfield County Police Department,37.38051685,-77.46916936
Chesterfield County Police Department,37.3440243,-77.59426941
Chesterfield County Police Department,37.40860833,-77.68889857
Chesterfield County Police Department,37.46778266,-77.52833277
Chesterfield County Police Department,37.40924725,-77.50155028
Chesterfield County Police Department,37.35275078,-77.66298952
Chesterfield County Police Department,37.42360276,-77.53146863
Chesterfield County Police Department,37.37374739,-77.6942836
Chesterfield County Police Department,37.3645492,-77.5662694
Chesterfield County Police Department,37.35862294,-77.67532354
Chesterfield County Police Department,37.43222156,-77.58491626
Chesterfield County Police Department,37.32855216,-77.5456779
Chesterfield County Police Department,37.44133869,-77.58469239
Chesterfield County Police Department,37.31218252,-77.64675611
Chesterfield County Police Department,37.38379499,-77.64798129
Chesterfield County Police Department,37.37354409,-77.55252089
Chesterfield County Police Department,37.39976532,-77.65395626
Chesterfield County Police Department,37.45862036,-77.61858752
Chesterfield County Police Department,37.46157525,-77.63910715
Chesterfield County Police Department,37.31289312,-77.59204662
Chesterfield County Police Department,37.44333816,-77.56370858
Chesterfield County Police Department,37.42912797,-77.46595424
Chesterfield County Police Department,37.38917643,-77.61978356
Chesterfield County Police Department,37.35272493,-77.6288706
Chesterfield County Police Department,37.43723168,-77.59787556
Chesterfield County Police Department,37.45428508,-77.49847157
Chesterfield County Police Department,37.36244253,-77.50782807
Chesterfield County Police Department,37.370371,-77.64243483
Chesterfield County Police Department,37.34295864,-77.62226024
Chesterfield County Police Department,37.33062657,-77.56711906
Chesterfield County Police Department,37.44447942,-77.61009884
Chesterfield County Police Department,37.4559805,-77.63156071
Chesterfield County Police Department,37.36393176,-77.5457352
Chesterfield County Police Department,37.33669637,-77.6875459
Chesterfield County Police Department,37.38596066,-77.47418147
Chesterfield County Police Department,37.33945193,-77.66873765
